symbol,start,end,download_start_date_str,download_end_date_str,download_start_month_str,download_end_month_str
BTCUSDT,2017-08-17,2026-01-20,2017-08-17,2026-01-19,2017-08,2025-12
ETHUSDT,2017-08-17,2026-01-20,2017-08-17,2026-01-19,2017-08,2025-12
BNBUSDT,2017-11-06,2026-01-20,2017-11-06,2026-01-19,2017-11,2025-12
BCCUSDT,2017-11-11,2018-11-20,2017-11-11,2018-11-20,2017-11,2018-11
NEOUSDT,2017-11-20,2026-01-20,2017-11-20,2026-01-19,2017-11,2025-12
LTCUSDT,2017-12-13,2026-01-20,2017-12-13,2026-01-19,2017-12,2025-12
QTUMUSDT,2018-03-19,2026-01-20,2018-03-19,2026-01-19,2018-03,2025-12
ADAUSDT,2018-04-17,2026-01-20,2018-04-17,2026-01-19,2018-04,2025-12
XRPUSDT,2018-05-04,2026-01-20,2018-05-04,2026-01-19,2018-05,2025-12
EOSUSDT,2018-05-28,2025-05-26,2018-05-28,2025-05-26,2018-05,2025-05
TUSDUSDT,2018-05-31,2026-01-20,2018-05-31,2026-01-19,2018-05,2025-12
IOTAUSDT,2018-05-31,2026-01-20,2018-05-31,2026-01-19,2018-05,2025-12
XLMUSDT,2018-05-31,2026-01-20,2018-05-31,2026-01-19,2018-05,2025-12
ONTUSDT,2018-06-08,2026-01-20,2018-06-08,2026-01-19,2018-06,2025-12
TRXUSDT,2018-06-11,2026-01-20,2018-06-11,2026-01-19,2018-06,2025-12
ETCUSDT,2018-06-12,2026-01-20,2018-06-12,2026-01-19,2018-06,2025-12
ICXUSDT,2018-06-13,2026-01-20,2018-06-13,2026-01-19,2018-06,2025-12
VENUSDT,2018-06-22,2018-10-19,2018-06-22,2018-10-19,2018-06,2018-10
NULSUSDT,2018-07-23,2025-04-16,2018-07-23,2025-04-16,2018-07,2025-04
VETUSDT,2018-07-25,2026-01-20,2018-07-25,2026-01-19,2018-07,2025-12
PAXUSDT,2018-10-04,2021-09-06,2018-10-04,2021-09-06,2018-10,2021-09
BCHABCUSDT,2018-11-16,2019-11-28,2018-11-16,2019-11-28,2018-11,2019-11
BCHSVUSDT,2018-11-16,2019-04-22,2018-11-16,2019-04-22,2018-11,2019-04
USDCUSDT,2018-12-15,2026-01-20,2018-12-15,2026-01-19,2018-12,2025-12
LINKUSDT,2019-01-16,2026-01-20,2019-01-16,2026-01-19,2019-01,2025-12
WAVESUSDT,2019-01-18,2024-06-17,2019-01-18,2024-06-17,2019-01,2024-06
BTTUSDT,2019-01-31,2022-01-17,2019-01-31,2022-01-17,2019-01,2022-01
USDSUSDT,2019-02-14,2020-06-24,2019-02-14,2020-06-24,2019-02,2020-06
ONGUSDT,2019-02-16,2026-01-20,2019-02-16,2026-01-19,2019-02,2025-12
HOTUSDT,2019-02-18,2026-01-20,2019-02-18,2026-01-19,2019-02,2025-12
ZILUSDT,2019-02-19,2026-01-20,2019-02-19,2026-01-19,2019-02,2025-12
ZRXUSDT,2019-02-28,2026-01-20,2019-02-28,2026-01-19,2019-02,2025-12
FETUSDT,2019-02-28,2026-01-20,2019-02-28,2026-01-19,2019-02,2025-12
BATUSDT,2019-03-04,2026-01-20,2019-03-04,2026-01-19,2019-03,2025-12
XMRUSDT,2019-03-15,2024-02-20,2019-03-15,2024-02-20,2019-03,2024-02
ZECUSDT,2019-03-21,2026-01-20,2019-03-21,2026-01-19,2019-03,2025-12
IOSTUSDT,2019-03-22,2026-01-20,2019-03-22,2026-01-19,2019-03,2025-12
CELRUSDT,2019-03-25,2026-01-20,2019-03-25,2026-01-19,2019-03,2025-12
DASHUSDT,2019-03-28,2026-01-20,2019-03-28,2026-01-19,2019-03,2025-12
NANOUSDT,2019-04-03,2022-01-24,2019-04-03,2022-01-24,2019-04,2022-01
OMGUSDT,2019-04-03,2024-06-17,2019-04-03,2024-06-17,2019-04,2024-06
THETAUSDT,2019-04-10,2026-01-20,2019-04-10,2026-01-19,2019-04,2025-12
ENJUSDT,2019-04-18,2026-01-20,2019-04-18,2026-01-19,2019-04,2025-12
MITHUSDT,2019-04-19,2022-12-22,2019-04-19,2022-12-22,2019-04,2022-12
MATICUSDT,2019-04-26,2024-09-10,2019-04-26,2024-09-10,2019-04,2024-09
ATOMUSDT,2019-04-29,2026-01-20,2019-04-29,2026-01-19,2019-04,2025-12
TFUELUSDT,2019-05-24,2026-01-20,2019-05-24,2026-01-19,2019-05,2025-12
ONEUSDT,2019-06-01,2026-01-20,2019-06-01,2026-01-19,2019-06,2025-12
FTMUSDT,2019-06-11,2025-01-13,2019-06-11,2025-01-13,2019-06,2025-01
ALGOUSDT,2019-06-22,2026-01-20,2019-06-22,2026-01-19,2019-06,2025-12
USDSBUSDT,2019-06-24,2019-09-27,2019-06-24,2019-09-27,2019-06,2019-09
GTOUSDT,2019-07-01,2022-11-28,2019-07-01,2022-11-28,2019-07,2022-11
ERDUSDT,2019-07-04,2020-08-31,2019-07-04,2020-08-31,2019-07,2020-08
DOGEUSDT,2019-07-05,2026-01-20,2019-07-05,2026-01-19,2019-07,2025-12
DUSKUSDT,2019-07-22,2026-01-20,2019-07-22,2026-01-19,2019-07,2025-12
ANKRUSDT,2019-07-23,2026-01-20,2019-07-23,2026-01-19,2019-07,2025-12
WINUSDT,2019-08-01,2026-01-20,2019-08-01,2026-01-19,2019-08,2025-12
COSUSDT,2019-08-03,2026-01-20,2019-08-03,2026-01-19,2019-08,2025-12
NPXSUSDT,2019-08-13,2021-04-05,2019-08-13,2021-04-05,2019-08,2021-04
COCOSUSDT,2019-08-21,2023-05-29,2019-08-21,2023-05-29,2019-08,2023-05
MTLUSDT,2019-08-23,2026-01-20,2019-08-23,2026-01-19,2019-08,2025-12
TOMOUSDT,2019-08-24,2023-11-20,2019-08-24,2023-11-20,2019-08,2023-11
PERLUSDT,2019-08-26,2023-12-07,2019-08-26,2023-12-07,2019-08,2023-12
DENTUSDT,2019-08-27,2026-01-20,2019-08-27,2026-01-19,2019-08,2025-12
MFTUSDT,2019-08-27,2023-01-03,2019-08-27,2023-01-03,2019-08,2023-01
KEYUSDT,2019-08-27,2024-12-10,2019-08-27,2024-12-10,2019-08,2024-12
STORMUSDT,2019-08-27,2020-06-08,2019-08-27,2020-06-08,2019-08,2020-06
DOCKUSDT,2019-08-27,2024-07-22,2019-08-27,2024-07-22,2019-08,2024-07
WANUSDT,2019-08-27,2026-01-20,2019-08-27,2026-01-19,2019-08,2025-12
FUNUSDT,2019-08-27,2026-01-20,2019-08-27,2026-01-19,2019-08,2025-12
CVCUSDT,2019-08-27,2026-01-20,2019-08-27,2026-01-19,2019-08,2025-12
CHZUSDT,2019-09-06,2026-01-20,2019-09-06,2026-01-19,2019-09,2025-12
BANDUSDT,2019-09-18,2026-01-20,2019-09-18,2026-01-19,2019-09,2025-12
BUSDUSDT,2019-09-20,2023-12-15,2019-09-20,2023-12-15,2019-09,2023-12
BEAMUSDT,2019-09-21,2023-01-26,2019-09-21,2023-01-26,2019-09,2023-01
XTZUSDT,2019-09-24,2026-01-20,2019-09-24,2026-01-19,2019-09,2025-12
RENUSDT,2019-09-25,2024-12-10,2019-09-25,2024-12-10,2019-09,2024-12
RVNUSDT,2019-09-25,2026-01-20,2019-09-25,2026-01-19,2019-09,2025-12
HCUSDT,2019-09-25,2020-11-10,2019-09-25,2020-11-10,2019-09,2020-11
HBARUSDT,2019-09-29,2026-01-20,2019-09-29,2026-01-19,2019-09,2025-12
NKNUSDT,2019-10-11,2026-01-20,2019-10-11,2026-01-19,2019-10,2025-12
STXUSDT,2019-10-25,2026-01-20,2019-10-25,2026-01-19,2019-10,2025-12
KAVAUSDT,2019-10-25,2026-01-20,2019-10-25,2026-01-19,2019-10,2025-12
ARPAUSDT,2019-11-06,2026-01-20,2019-11-06,2026-01-19,2019-11,2025-12
IOTXUSDT,2019-11-14,2026-01-20,2019-11-14,2026-01-19,2019-11,2025-12
RLCUSDT,2019-11-14,2026-01-20,2019-11-14,2026-01-19,2019-11,2025-12
MCOUSDT,2019-11-19,2020-10-23,2019-11-19,2020-10-23,2019-11,2020-10
CTXCUSDT,2019-11-22,2025-04-16,2019-11-22,2025-04-16,2019-11,2025-04
BCHUSDT,2019-11-28,2026-01-20,2019-11-28,2026-01-19,2019-11,2025-12
TROYUSDT,2019-12-05,2025-04-16,2019-12-05,2025-04-16,2019-12,2025-04
VITEUSDT,2019-12-13,2025-02-24,2019-12-13,2025-02-24,2019-12,2025-02
FTTUSDT,2019-12-20,2026-01-20,2019-12-20,2026-01-19,2019-12,2025-12
EURUSDT,2020-01-03,2026-01-20,2020-01-03,2026-01-19,2020-01,2025-12
OGNUSDT,2020-01-09,2026-01-20,2020-01-09,2026-01-19,2020-01,2025-12
DREPUSDT,2020-01-16,2024-04-03,2020-01-16,2024-04-03,2020-01,2024-04
BULLUSDT,2020-01-17,2020-03-31,2020-01-17,2020-03-31,2020-01,2020-03
BEARUSDT,2020-01-17,2020-03-31,2020-01-17,2020-03-31,2020-01,2020-03
ETHBULLUSDT,2020-01-17,2020-03-31,2020-01-17,2020-03-31,2020-01,2020-03
ETHBEARUSDT,2020-01-17,2020-03-31,2020-01-17,2020-03-31,2020-01,2020-03
TCTUSDT,2020-01-21,2022-10-24,2020-01-21,2022-10-24,2020-01,2022-10
WRXUSDT,2020-02-05,2024-12-25,2020-02-05,2024-12-25,2020-02,2024-12
BTSUSDT,2020-02-06,2023-12-07,2020-02-06,2023-12-07,2020-02,2023-12
LSKUSDT,2020-02-06,2026-01-20,2020-02-06,2026-01-19,2020-02,2025-12
BNTUSDT,2020-02-06,2026-01-20,2020-02-06,2026-01-19,2020-02,2025-12
LTOUSDT,2020-02-07,2025-07-04,2020-02-07,2025-07-04,2020-02,2025-07
EOSBULLUSDT,2020-02-12,2020-03-31,2020-02-12,2020-03-31,2020-02,2020-03
EOSBEARUSDT,2020-02-12,2020-03-31,2020-02-12,2020-03-31,2020-02,2020-03
XRPBULLUSDT,2020-02-12,2020-03-31,2020-02-12,2020-03-31,2020-02,2020-03
XRPBEARUSDT,2020-02-12,2020-03-31,2020-02-12,2020-03-31,2020-02,2020-03
STRATUSDT,2020-02-19,2020-11-12,2020-02-19,2020-11-12,2020-02,2020-11
AIONUSDT,2020-02-19,2023-02-27,2020-02-19,2023-02-27,2020-02,2023-02
MBLUSDT,2020-02-21,2026-01-20,2020-02-21,2026-01-19,2020-02,2025-12
COTIUSDT,2020-02-26,2026-01-20,2020-02-26,2026-01-19,2020-02,2025-12
BNBBULLUSDT,2020-03-11,2020-03-31,2020-03-11,2020-03-31,2020-03,2020-03
BNBBEARUSDT,2020-03-11,2020-03-31,2020-03-11,2020-03-31,2020-03,2020-03
STPTUSDT,2020-03-25,2025-05-19,2020-03-25,2025-05-19,2020-03,2025-05
WTCUSDT,2020-04-07,2023-12-07,2020-04-07,2023-12-07,2020-04,2023-12
DATAUSDT,2020-04-07,2026-01-20,2020-04-07,2026-01-19,2020-04,2025-12
XZCUSDT,2020-04-07,2021-01-25,2020-04-07,2021-01-25,2020-04,2021-01
SOLUSDT,2020-08-11,2026-01-20,2020-08-11,2026-01-19,2020-08,2025-12
CTSIUSDT,2020-04-23,2026-01-20,2020-04-23,2026-01-19,2020-04,2025-12
HIVEUSDT,2020-04-27,2026-01-20,2020-04-27,2026-01-19,2020-04,2025-12
CHRUSDT,2020-05-07,2026-01-20,2020-05-07,2026-01-19,2020-05,2025-12
BTCUPUSDT,2020-05-14,2024-02-28,2020-05-14,2024-02-28,2020-05,2024-02
BTCDOWNUSDT,2020-05-14,2024-02-28,2020-05-14,2024-02-28,2020-05,2024-02
GXSUSDT,2020-05-13,2022-04-25,2020-05-13,2022-04-25,2020-05,2022-04
ARDRUSDT,2020-05-15,2026-01-20,2020-05-15,2026-01-19,2020-05,2025-12
LENDUSDT,2020-05-15,2020-10-12,2020-05-15,2020-10-12,2020-05,2020-10
MDTUSDT,2020-06-05,2026-01-20,2020-06-05,2026-01-19,2020-06,2025-12
STMXUSDT,2020-06-11,2025-02-24,2020-06-11,2025-02-24,2020-06,2025-02
KNCUSDT,2020-06-12,2026-01-20,2020-06-12,2026-01-19,2020-06,2025-12
REPUSDT,2020-06-12,2022-12-22,2020-06-12,2022-12-22,2020-06,2022-12
LRCUSDT,2020-06-12,2026-01-20,2020-06-12,2026-01-19,2020-06,2025-12
PNTUSDT,2020-06-22,2024-04-03,2020-06-22,2024-04-03,2020-06,2024-04
COMPUSDT,2020-06-25,2026-01-20,2020-06-25,2026-01-19,2020-06,2025-12
BKRWUSDT,2020-07-06,2020-08-07,2020-07-06,2020-08-07,2020-07,2020-08
SCUSDT,2020-07-06,2026-01-20,2020-07-06,2026-01-19,2020-07,2025-12
ZENUSDT,2020-07-06,2026-01-20,2020-07-06,2026-01-19,2020-07,2025-12
SNXUSDT,2020-07-09,2026-01-20,2020-07-09,2026-01-19,2020-07,2025-12
ETHUPUSDT,2020-07-13,2024-02-28,2020-07-13,2024-02-28,2020-07,2024-02
ETHDOWNUSDT,2020-07-13,2024-02-28,2020-07-13,2024-02-28,2020-07,2024-02
ADAUPUSDT,2020-07-16,2023-08-16,2020-07-16,2023-08-16,2020-07,2023-08
ADADOWNUSDT,2020-07-16,2023-08-16,2020-07-16,2023-08-16,2020-07,2023-08
LINKUPUSDT,2020-07-16,2023-04-06,2020-07-16,2023-04-06,2020-07,2023-04
LINKDOWNUSDT,2020-07-16,2023-04-06,2020-07-16,2023-04-06,2020-07,2023-04
VTHOUSDT,2020-07-17,2026-01-20,2020-07-17,2026-01-19,2020-07,2025-12
DGBUSDT,2020-07-20,2026-01-20,2020-07-20,2026-01-19,2020-07,2025-12
GBPUSDT,2020-07-20,2023-12-29,2020-07-20,2023-12-29,2020-07,2023-12
SXPUSDT,2020-07-20,2026-01-20,2020-07-20,2026-01-19,2020-07,2025-12
MKRUSDT,2020-07-23,2025-09-15,2020-07-23,2025-09-15,2020-07,2025-09
DAIUSDT,2020-07-23,2020-08-12,2020-07-23,2020-08-12,2020-07,2020-08
DCRUSDT,2020-07-30,2026-01-20,2020-07-30,2026-01-19,2020-07,2025-12
STORJUSDT,2020-07-30,2026-01-20,2020-07-30,2026-01-19,2020-07,2025-12
BNBUPUSDT,2020-08-06,2024-02-28,2020-08-06,2024-02-28,2020-08,2024-02
BNBDOWNUSDT,2020-08-06,2024-02-28,2020-08-06,2024-02-28,2020-08,2024-02
XTZUPUSDT,2020-08-07,2022-01-27,2020-08-07,2022-01-27,2020-08,2022-01
XTZDOWNUSDT,2020-08-07,2022-01-27,2020-08-07,2022-01-27,2020-08,2022-01
MANAUSDT,2020-08-06,2026-01-20,2020-08-06,2026-01-19,2020-08,2025-12
AUDUSDT,2020-08-07,2023-06-01,2020-08-07,2023-06-01,2020-08,2023-06
YFIUSDT,2020-08-10,2026-01-20,2020-08-10,2026-01-19,2020-08,2025-12
BALUSDT,2020-08-11,2025-04-16,2020-08-11,2025-04-16,2020-08,2025-04
BLZUSDT,2020-08-11,2024-12-25,2020-08-11,2024-12-25,2020-08,2024-12
IRISUSDT,2020-08-11,2024-12-10,2020-08-11,2024-12-10,2020-08,2024-12
KMDUSDT,2020-08-11,2025-07-04,2020-08-11,2025-07-04,2020-08,2025-07
JSTUSDT,2020-08-11,2026-01-20,2020-08-11,2026-01-19,2020-08,2025-12
SRMUSDT,2020-08-11,2022-11-28,2020-08-11,2022-11-28,2020-08,2022-11
ANTUSDT,2020-08-13,2024-02-20,2020-08-13,2024-02-20,2020-08,2024-02
CRVUSDT,2020-08-15,2026-01-20,2020-08-15,2026-01-19,2020-08,2025-12
SANDUSDT,2020-08-14,2026-01-20,2020-08-14,2026-01-19,2020-08,2025-12
OCEANUSDT,2020-08-19,2024-07-01,2020-08-19,2024-07-01,2020-08,2024-07
NMRUSDT,2020-08-19,2026-01-20,2020-08-19,2026-01-19,2020-08,2025-12
DOTUSDT,2020-08-18,2026-01-20,2020-08-18,2026-01-19,2020-08,2025-12
LUNAUSDT,2020-08-21,2026-01-20,2020-08-21,2026-01-19,2020-08,2025-12
RSRUSDT,2020-08-27,2026-01-20,2020-08-27,2026-01-19,2020-08,2025-12
PAXGUSDT,2020-08-28,2026-01-20,2020-08-28,2026-01-19,2020-08,2025-12
WNXMUSDT,2020-08-28,2024-06-17,2020-08-28,2024-06-17,2020-08,2024-06
TRBUSDT,2020-08-29,2026-01-20,2020-08-29,2026-01-19,2020-08,2025-12
BZRXUSDT,2020-08-31,2021-12-20,2020-08-31,2021-12-20,2020-08,2021-12
SUSHIUSDT,2020-09-01,2026-01-20,2020-09-01,2026-01-19,2020-09,2025-12
YFIIUSDT,2020-09-01,2023-08-22,2020-09-01,2023-08-22,2020-09,2023-08
KSMUSDT,2020-09-04,2026-01-20,2020-09-04,2026-01-19,2020-09,2025-12
EGLDUSDT,2020-09-03,2026-01-20,2020-09-03,2026-01-19,2020-09,2025-12
DIAUSDT,2020-09-04,2026-01-20,2020-09-04,2026-01-19,2020-09,2025-12
RUNEUSDT,2020-09-04,2026-01-20,2020-09-04,2026-01-19,2020-09,2025-12
FIOUSDT,2020-09-04,2026-01-20,2020-09-04,2026-01-19,2020-09,2025-12
UMAUSDT,2020-09-09,2026-01-20,2020-09-09,2026-01-19,2020-09,2025-12
EOSUPUSDT,2020-09-10,2021-12-23,2020-09-10,2021-12-23,2020-09,2021-12
EOSDOWNUSDT,2020-09-10,2021-12-23,2020-09-10,2021-12-23,2020-09,2021-12
TRXUPUSDT,2020-09-10,2022-11-29,2020-09-10,2022-11-29,2020-09,2022-11
TRXDOWNUSDT,2020-09-10,2022-11-29,2020-09-10,2022-11-29,2020-09,2022-11
XRPUPUSDT,2020-09-11,2023-05-12,2020-09-11,2023-05-12,2020-09,2023-05
XRPDOWNUSDT,2020-09-11,2023-05-12,2020-09-11,2023-05-12,2020-09,2023-05
DOTUPUSDT,2020-09-11,2022-11-29,2020-09-11,2022-11-29,2020-09,2022-11
DOTDOWNUSDT,2020-09-11,2022-11-29,2020-09-11,2022-11-29,2020-09,2022-11
BELUSDT,2020-09-15,2026-01-20,2020-09-15,2026-01-19,2020-09,2025-12
WINGUSDT,2020-09-16,2025-05-02,2020-09-16,2025-05-02,2020-09,2025-05
LTCUPUSDT,2020-09-16,2022-01-27,2020-09-16,2022-01-27,2020-09,2022-01
LTCDOWNUSDT,2020-09-16,2022-01-27,2020-09-16,2022-01-27,2020-09,2022-01
UNIUSDT,2020-09-17,2026-01-20,2020-09-17,2026-01-19,2020-09,2025-12
NBSUSDT,2020-09-21,2022-10-24,2020-09-21,2022-10-24,2020-09,2022-10
OXTUSDT,2020-09-21,2026-01-20,2020-09-21,2026-01-19,2020-09,2025-12
SUNUSDT,2020-09-21,2026-01-20,2020-09-21,2026-01-19,2020-09,2025-12
AVAXUSDT,2020-09-22,2026-01-20,2020-09-22,2026-01-19,2020-09,2025-12
HNTUSDT,2020-09-24,2022-10-14,2020-09-24,2022-10-14,2020-09,2022-10
FLMUSDT,2020-09-28,2025-11-12,2020-09-28,2025-11-12,2020-09,2025-11
UNIUPUSDT,2020-09-30,2021-12-23,2020-09-30,2021-12-23,2020-09,2021-12
UNIDOWNUSDT,2020-09-30,2021-12-23,2020-09-30,2021-12-23,2020-09,2021-12
ORNUSDT,2020-09-30,2024-10-15,2020-09-30,2024-10-15,2020-09,2024-10
UTKUSDT,2020-10-02,2026-01-20,2020-10-02,2026-01-19,2020-10,2025-12
XVSUSDT,2020-10-06,2026-01-20,2020-10-06,2026-01-19,2020-10,2025-12
ALPHAUSDT,2020-10-10,2025-07-04,2020-10-10,2025-07-04,2020-10,2025-07
AAVEUSDT,2020-10-15,2026-01-20,2020-10-15,2026-01-19,2020-10,2025-12
NEARUSDT,2020-10-14,2026-01-20,2020-10-14,2026-01-19,2020-10,2025-12
SXPUPUSDT,2020-10-15,2021-11-25,2020-10-15,2021-11-25,2020-10,2021-11
SXPDOWNUSDT,2020-10-15,2021-11-25,2020-10-15,2021-11-25,2020-10,2021-11
FILUSDT,2020-10-15,2026-01-20,2020-10-15,2026-01-19,2020-10,2025-12
FILUPUSDT,2020-10-20,2022-01-04,2020-10-20,2022-01-04,2020-10,2022-01
FILDOWNUSDT,2020-10-20,2022-01-04,2020-10-20,2022-01-04,2020-10,2022-01
YFIUPUSDT,2020-10-21,2021-12-02,2020-10-21,2021-12-02,2020-10,2021-12
YFIDOWNUSDT,2020-10-21,2021-12-02,2020-10-21,2021-12-02,2020-10,2021-12
INJUSDT,2020-10-21,2026-01-20,2020-10-21,2026-01-19,2020-10,2025-12
AUDIOUSDT,2020-10-23,2026-01-20,2020-10-23,2026-01-19,2020-10,2025-12
CTKUSDT,2020-10-27,2026-01-20,2020-10-27,2026-01-19,2020-10,2025-12
BCHUPUSDT,2020-10-28,2022-01-04,2020-10-28,2022-01-04,2020-10,2022-01
BCHDOWNUSDT,2020-10-28,2022-01-04,2020-10-28,2022-01-04,2020-10,2022-01
AKROUSDT,2020-11-02,2024-12-25,2020-11-02,2024-12-25,2020-11,2024-12
AXSUSDT,2020-11-04,2026-01-20,2020-11-04,2026-01-19,2020-11,2025-12
HARDUSDT,2020-11-06,2025-04-16,2020-11-06,2025-04-16,2020-11,2025-04
DNTUSDT,2020-11-10,2022-10-24,2020-11-10,2022-10-24,2020-11,2022-10
STRAXUSDT,2020-11-18,2026-01-20,2020-11-18,2026-01-19,2020-11,2025-12
UNFIUSDT,2020-11-19,2024-11-06,2020-11-19,2024-11-06,2020-11,2024-11
ROSEUSDT,2020-11-19,2026-01-20,2020-11-19,2026-01-19,2020-11,2025-12
AVAUSDT,2020-11-24,2026-01-20,2020-11-24,2026-01-19,2020-11,2025-12
XEMUSDT,2020-11-24,2024-06-17,2020-11-24,2024-06-17,2020-11,2024-06
AAVEUPUSDT,2020-11-26,2021-11-11,2020-11-26,2021-11-11,2020-11,2021-11
AAVEDOWNUSDT,2020-11-26,2021-11-11,2020-11-26,2021-11-11,2020-11,2021-11
SKLUSDT,2020-12-01,2026-01-20,2020-12-01,2026-01-19,2020-12,2025-12
SUSDUSDT,2020-12-04,2022-04-11,2020-12-04,2022-04-11,2020-12,2022-04
SUSHIUPUSDT,2020-12-10,2021-12-14,2020-12-10,2021-12-14,2020-12,2021-12
SUSHIDOWNUSDT,2020-12-10,2021-12-14,2020-12-10,2021-12-14,2020-12,2021-12
XLMUPUSDT,2020-12-11,2021-12-14,2020-12-11,2021-12-14,2020-12,2021-12
XLMDOWNUSDT,2020-12-11,2021-12-14,2020-12-11,2021-12-14,2020-12,2021-12
GRTUSDT,2020-12-17,2026-01-20,2020-12-17,2026-01-19,2020-12,2025-12
JUVUSDT,2020-12-21,2026-01-20,2020-12-21,2026-01-19,2020-12,2025-12
PSGUSDT,2020-12-21,2026-01-20,2020-12-21,2026-01-19,2020-12,2025-12
1INCHUSDT,2020-12-25,2026-01-20,2020-12-25,2026-01-19,2020-12,2025-12
REEFUSDT,2020-12-29,2024-08-26,2020-12-29,2024-08-26,2020-12,2024-08
OGUSDT,2020-12-30,2026-01-20,2020-12-30,2026-01-19,2020-12,2025-12
ATMUSDT,2020-12-30,2026-01-20,2020-12-30,2026-01-19,2020-12,2025-12
ASRUSDT,2020-12-30,2026-01-20,2020-12-30,2026-01-19,2020-12,2025-12
CELOUSDT,2021-01-05,2026-01-20,2021-01-05,2026-01-19,2021-01,2025-12
RIFUSDT,2021-01-07,2026-01-20,2021-01-07,2026-01-19,2021-01,2025-12
BTCSTUSDT,2021-01-13,2022-11-28,2021-01-13,2022-11-28,2021-01,2022-11
TRUUSDT,2021-01-19,2026-01-20,2021-01-19,2026-01-19,2021-01,2025-12
CKBUSDT,2021-01-26,2026-01-20,2021-01-26,2026-01-19,2021-01,2025-12
TWTUSDT,2021-01-27,2026-01-20,2021-01-27,2026-01-19,2021-01,2025-12
FIROUSDT,2021-01-29,2025-04-16,2021-01-29,2025-04-16,2021-01,2025-04
LITUSDT,2021-02-04,2025-02-10,2021-02-04,2025-02-10,2021-02,2025-02
SFPUSDT,2021-02-08,2026-01-20,2021-02-08,2026-01-19,2021-02,2025-12
DODOUSDT,2021-02-19,2026-01-20,2021-02-19,2026-01-19,2021-02,2025-12
CAKEUSDT,2021-02-19,2026-01-20,2021-02-19,2026-01-19,2021-02,2025-12
ACMUSDT,2021-02-24,2026-01-20,2021-02-24,2026-01-19,2021-02,2025-12
BADGERUSDT,2021-03-02,2025-04-16,2021-03-02,2025-04-16,2021-03,2025-04
FISUSDT,2021-03-03,2025-12-17,2021-03-03,2025-12-17,2021-03,2025-12
OMUSDT,2021-03-08,2026-01-20,2021-03-08,2026-01-19,2021-03,2025-12
PONDUSDT,2021-03-09,2026-01-20,2021-03-09,2026-01-19,2021-03,2025-12
DEGOUSDT,2021-03-10,2026-01-20,2021-03-10,2026-01-19,2021-03,2025-12
ALICEUSDT,2021-03-15,2026-01-20,2021-03-15,2026-01-19,2021-03,2025-12
LINAUSDT,2021-03-18,2025-03-28,2021-03-18,2025-03-28,2021-03,2025-03
PERPUSDT,2021-03-19,2025-11-12,2021-03-19,2025-11-12,2021-03,2025-11
RAMPUSDT,2021-03-22,2022-07-04,2021-03-22,2022-07-04,2021-03,2022-07
SUPERUSDT,2021-03-25,2026-01-20,2021-03-25,2026-01-19,2021-03,2025-12
CFXUSDT,2021-03-29,2026-01-20,2021-03-29,2026-01-19,2021-03,2025-12
EPSUSDT,2021-04-02,2022-05-09,2021-04-02,2022-05-09,2021-04,2022-05
AUTOUSDT,2021-04-02,2023-04-18,2021-04-02,2023-04-18,2021-04,2023-04
TKOUSDT,2021-04-07,2026-01-20,2021-04-07,2026-01-19,2021-04,2025-12
PUNDIXUSDT,2021-04-09,2026-01-20,2021-04-09,2026-01-19,2021-04,2025-12
TLMUSDT,2021-04-13,2026-01-20,2021-04-13,2026-01-19,2021-04,2025-12
1INCHUPUSDT,2021-04-15,2021-12-02,2021-04-15,2021-12-02,2021-04,2021-12
1INCHDOWNUSDT,2021-04-15,2021-12-02,2021-04-15,2021-12-02,2021-04,2021-12
BTGUSDT,2021-04-16,2022-10-24,2021-04-16,2022-10-24,2021-04,2022-10
MIRUSDT,2021-04-19,2022-12-27,2021-04-19,2022-12-27,2021-04,2022-12
BARUSDT,2021-04-21,2026-01-20,2021-04-21,2026-01-19,2021-04,2025-12
FORTHUSDT,2021-04-23,2026-01-20,2021-04-23,2026-01-19,2021-04,2025-12
BAKEUSDT,2021-04-30,2025-09-17,2021-04-30,2025-09-17,2021-04,2025-09
BURGERUSDT,2021-04-30,2025-03-28,2021-04-30,2025-03-28,2021-04,2025-03
SLPUSDT,2021-04-30,2026-01-20,2021-04-30,2026-01-19,2021-04,2025-12
SHIBUSDT,2021-05-10,2026-01-20,2021-05-10,2026-01-19,2021-05,2025-12
ICPUSDT,2021-05-11,2026-01-20,2021-05-11,2026-01-19,2021-05,2025-12
ARUSDT,2021-05-14,2026-01-20,2021-05-14,2026-01-19,2021-05,2025-12
POLSUSDT,2021-05-19,2024-07-22,2021-05-19,2024-07-22,2021-05,2024-07
MDXUSDT,2021-05-24,2024-07-22,2021-05-24,2024-07-22,2021-05,2024-07
MASKUSDT,2021-05-25,2026-01-20,2021-05-25,2026-01-19,2021-05,2025-12
LPTUSDT,2021-05-28,2026-01-20,2021-05-28,2026-01-19,2021-05,2025-12
NUUSDT,2021-06-04,2022-02-16,2021-06-04,2022-02-16,2021-06,2022-02
XVGUSDT,2021-06-06,2026-01-20,2021-06-06,2026-01-19,2021-06,2025-12
ATAUSDT,2021-06-07,2026-01-20,2021-06-07,2026-01-19,2021-06,2025-12
GTCUSDT,2021-06-10,2026-01-20,2021-06-10,2026-01-19,2021-06,2025-12
TORNUSDT,2021-06-11,2022-12-27,2021-06-11,2022-12-27,2021-06,2022-12
KEEPUSDT,2021-06-17,2022-02-16,2021-06-17,2022-02-16,2021-06,2022-02
ERNUSDT,2021-06-22,2025-03-10,2021-06-22,2025-03-10,2021-06,2025-03
KLAYUSDT,2021-06-24,2024-10-30,2021-06-24,2024-10-30,2021-06,2024-10
PHAUSDT,2021-06-25,2026-01-20,2021-06-25,2026-01-19,2021-06,2025-12
BONDUSDT,2021-07-05,2024-07-22,2021-07-05,2024-07-22,2021-07,2024-07
MLNUSDT,2021-07-05,2026-01-20,2021-07-05,2026-01-19,2021-07,2025-12
DEXEUSDT,2021-07-23,2026-01-20,2021-07-23,2026-01-19,2021-07,2025-12
C98USDT,2021-07-23,2026-01-20,2021-07-23,2026-01-19,2021-07,2025-12
CLVUSDT,2021-07-29,2025-02-24,2021-07-29,2025-02-24,2021-07,2025-02
QNTUSDT,2021-07-29,2026-01-20,2021-07-29,2026-01-19,2021-07,2025-12
FLOWUSDT,2021-07-30,2026-01-20,2021-07-30,2026-01-19,2021-07,2025-12
TVKUSDT,2021-08-06,2023-11-27,2021-08-06,2023-11-27,2021-08,2023-11
MINAUSDT,2021-08-10,2026-01-20,2021-08-10,2026-01-19,2021-08,2025-12
RAYUSDT,2021-08-10,2026-01-20,2021-08-10,2026-01-19,2021-08,2025-12
FARMUSDT,2021-08-11,2026-01-20,2021-08-11,2026-01-19,2021-08,2025-12
ALPACAUSDT,2021-08-11,2025-05-02,2021-08-11,2025-05-02,2021-08,2025-05
QUICKUSDT,2021-08-13,2026-01-20,2021-08-13,2026-01-19,2021-08,2025-12
MBOXUSDT,2021-08-19,2026-01-20,2021-08-19,2026-01-19,2021-08,2025-12
FORUSDT,2021-08-20,2024-08-26,2021-08-20,2024-08-26,2021-08,2024-08
REQUSDT,2021-08-20,2026-01-20,2021-08-20,2026-01-19,2021-08,2025-12
GHSTUSDT,2021-08-20,2026-01-20,2021-08-20,2026-01-19,2021-08,2025-12
WAXPUSDT,2021-08-23,2026-01-20,2021-08-23,2026-01-19,2021-08,2025-12
TRIBEUSDT,2021-08-24,2022-11-28,2021-08-24,2022-11-28,2021-08,2022-11
GNOUSDT,2021-08-30,2026-01-20,2021-08-30,2026-01-19,2021-08,2025-12
XECUSDT,2021-09-03,2026-01-20,2021-09-03,2026-01-19,2021-09,2025-12
ELFUSDT,2021-09-08,2025-04-16,2021-09-08,2025-04-16,2021-09,2025-04
DYDXUSDT,2021-09-09,2026-01-20,2021-09-09,2026-01-19,2021-09,2025-12
POLYUSDT,2021-09-09,2022-10-10,2021-09-09,2022-10-10,2021-09,2022-10
IDEXUSDT,2021-09-09,2026-01-20,2021-09-09,2026-01-19,2021-09,2025-12
VIDTUSDT,2021-09-09,2025-04-16,2021-09-09,2025-04-16,2021-09,2025-04
USDPUSDT,2021-09-10,2026-01-20,2021-09-10,2026-01-19,2021-09,2025-12
GALAUSDT,2021-09-13,2026-01-20,2021-09-13,2026-01-19,2021-09,2025-12
ILVUSDT,2021-09-22,2026-01-20,2021-09-22,2026-01-19,2021-09,2025-12
YGGUSDT,2021-09-24,2026-01-20,2021-09-24,2026-01-19,2021-09,2025-12
SYSUSDT,2021-09-24,2026-01-20,2021-09-24,2026-01-19,2021-09,2025-12
DFUSDT,2021-09-24,2026-01-20,2021-09-24,2026-01-19,2021-09,2025-12
FIDAUSDT,2021-09-30,2026-01-20,2021-09-30,2026-01-19,2021-09,2025-12
FRONTUSDT,2021-10-04,2024-08-27,2021-10-04,2024-08-27,2021-10,2024-08
CVPUSDT,2021-10-04,2024-08-26,2021-10-04,2024-08-26,2021-10,2024-08
AGLDUSDT,2021-10-05,2026-01-20,2021-10-05,2026-01-19,2021-10,2025-12
RADUSDT,2021-10-07,2026-01-20,2021-10-07,2026-01-19,2021-10,2025-12
BETAUSDT,2021-10-08,2025-04-16,2021-10-08,2025-04-16,2021-10,2025-04
RAREUSDT,2021-10-11,2026-01-20,2021-10-11,2026-01-19,2021-10,2025-12
LAZIOUSDT,2021-10-21,2026-01-20,2021-10-21,2026-01-19,2021-10,2025-12
CHESSUSDT,2021-10-22,2026-01-20,2021-10-22,2026-01-19,2021-10,2025-12
ADXUSDT,2021-10-29,2026-01-20,2021-10-29,2026-01-19,2021-10,2025-12
AUCTIONUSDT,2021-10-29,2026-01-20,2021-10-29,2026-01-19,2021-10,2025-12
DARUSDT,2021-11-04,2025-01-06,2021-11-04,2025-01-06,2021-11,2025-01
BNXUSDT,2021-11-04,2025-03-18,2021-11-04,2025-03-18,2021-11,2025-03
RGTUSDT,2021-11-05,2022-03-14,2021-11-05,2022-03-14,2021-11,2022-03
MOVRUSDT,2021-11-08,2026-01-20,2021-11-08,2026-01-19,2021-11,2025-12
CITYUSDT,2021-11-10,2026-01-20,2021-11-10,2026-01-19,2021-11,2025-12
ENSUSDT,2021-11-10,2026-01-20,2021-11-10,2026-01-19,2021-11,2025-12
KP3RUSDT,2021-11-12,2024-11-06,2021-11-12,2024-11-06,2021-11,2024-11
QIUSDT,2021-11-15,2026-01-20,2021-11-15,2026-01-19,2021-11,2025-12
PORTOUSDT,2021-11-16,2026-01-20,2021-11-16,2026-01-19,2021-11,2025-12
POWRUSDT,2021-11-17,2026-01-20,2021-11-17,2026-01-19,2021-11,2025-12
VGXUSDT,2021-11-22,2024-08-26,2021-11-22,2024-08-26,2021-11,2024-08
JASMYUSDT,2021-11-22,2026-01-20,2021-11-22,2026-01-19,2021-11,2025-12
AMPUSDT,2021-11-23,2026-01-20,2021-11-23,2026-01-19,2021-11,2025-12
PLAUSDT,2021-11-23,2024-02-26,2021-11-23,2024-02-26,2021-11,2024-02
PYRUSDT,2021-11-26,2026-01-20,2021-11-26,2026-01-19,2021-11,2025-12
RNDRUSDT,2021-11-27,2024-07-22,2021-11-27,2024-07-22,2021-11,2024-07
ALCXUSDT,2021-11-30,2026-01-20,2021-11-30,2026-01-19,2021-11,2025-12
SANTOSUSDT,2021-12-01,2026-01-20,2021-12-01,2026-01-19,2021-12,2025-12
MCUSDT,2021-12-02,2023-11-07,2021-12-02,2023-11-07,2021-12,2023-11
ANYUSDT,2021-12-04,2022-03-30,2021-12-04,2022-03-30,2021-12,2022-03
BICOUSDT,2021-12-09,2026-01-20,2021-12-09,2026-01-19,2021-12,2025-12
FLUXUSDT,2021-12-10,2026-01-20,2021-12-10,2026-01-19,2021-12,2025-12
FXSUSDT,2021-12-10,2026-01-13,2021-12-10,2026-01-13,2021-12,2025-12
VOXELUSDT,2021-12-14,2025-12-17,2021-12-14,2025-12-17,2021-12,2025-12
HIGHUSDT,2021-12-17,2026-01-20,2021-12-17,2026-01-19,2021-12,2025-12
CVXUSDT,2021-12-23,2026-01-20,2021-12-23,2026-01-19,2021-12,2025-12
PEOPLEUSDT,2021-12-23,2026-01-20,2021-12-23,2026-01-19,2021-12,2025-12
OOKIUSDT,2021-12-24,2024-11-06,2021-12-24,2024-11-06,2021-12,2024-11
SPELLUSDT,2021-12-24,2026-01-20,2021-12-24,2026-01-19,2021-12,2025-12
USTUSDT,2021-12-24,2022-05-13,2021-12-24,2022-05-13,2021-12,2022-05
JOEUSDT,2021-12-28,2026-01-20,2021-12-28,2026-01-19,2021-12,2025-12
ACHUSDT,2022-01-10,2026-01-20,2022-01-10,2026-01-19,2022-01,2025-12
IMXUSDT,2022-01-10,2026-01-20,2022-01-10,2026-01-19,2022-01,2025-12
GLMRUSDT,2022-01-11,2026-01-20,2022-01-11,2026-01-19,2022-01,2025-12
LOKAUSDT,2022-01-20,2025-07-28,2022-01-20,2025-07-28,2022-01,2025-07
SCRTUSDT,2022-01-21,2026-01-20,2022-01-21,2026-01-19,2022-01,2025-12
API3USDT,2022-01-21,2026-01-20,2022-01-21,2026-01-19,2022-01,2025-12
BTTCUSDT,2022-01-25,2026-01-20,2022-01-25,2026-01-19,2022-01,2025-12
ACAUSDT,2022-01-25,2026-01-20,2022-01-25,2026-01-19,2022-01,2025-12
ANCUSDT,2022-01-25,2022-12-27,2022-01-25,2022-12-27,2022-01,2022-12
XNOUSDT,2022-01-28,2026-01-20,2022-01-28,2026-01-19,2022-01,2025-12
WOOUSDT,2022-02-08,2026-01-20,2022-02-08,2026-01-19,2022-02,2025-12
ALPINEUSDT,2022-02-21,2026-01-20,2022-02-21,2026-01-19,2022-02,2025-12
TUSDT,2022-02-25,2026-01-20,2022-02-25,2026-01-19,2022-02,2025-12
ASTRUSDT,2022-02-28,2026-01-20,2022-02-28,2026-01-19,2022-02,2025-12
GMTUSDT,2022-03-09,2026-01-20,2022-03-09,2026-01-19,2022-03,2025-12
KDAUSDT,2022-03-11,2025-11-12,2022-03-11,2025-11-12,2022-03,2025-11
APEUSDT,2022-03-17,2026-01-20,2022-03-17,2026-01-19,2022-03,2025-12
BSWUSDT,2022-03-21,2025-07-04,2022-03-21,2025-07-04,2022-03,2025-07
BIFIUSDT,2022-04-01,2026-01-20,2022-04-01,2026-01-19,2022-04,2025-12
MULTIUSDT,2022-04-06,2024-02-20,2022-04-06,2024-02-20,2022-04,2024-02
STEEMUSDT,2022-04-22,2026-01-20,2022-04-22,2026-01-19,2022-04,2025-12
MOBUSDT,2022-04-29,2024-04-03,2022-04-29,2024-04-03,2022-04,2024-04
NEXOUSDT,2022-04-29,2026-01-20,2022-04-29,2026-01-19,2022-04,2025-12
REIUSDT,2022-05-04,2025-12-17,2022-05-04,2025-12-17,2022-05,2025-12
GALUSDT,2022-05-05,2024-07-15,2022-05-05,2024-07-15,2022-05,2024-07
LDOUSDT,2022-05-09,2026-01-20,2022-05-09,2026-01-19,2022-05,2025-12
EPXUSDT,2022-05-23,2024-08-26,2022-05-23,2024-08-26,2022-05,2024-08
OPUSDT,2022-06-01,2026-01-20,2022-06-01,2026-01-19,2022-06,2025-12
LEVERUSDT,2022-07-13,2025-07-04,2022-07-13,2025-07-04,2022-07,2025-07
STGUSDT,2022-08-19,2026-01-20,2022-08-19,2026-01-19,2022-08,2025-12
LUNCUSDT,2022-09-09,2026-01-20,2022-09-09,2026-01-19,2022-09,2025-12
GMXUSDT,2022-10-05,2026-01-20,2022-10-05,2026-01-19,2022-10,2025-12
NEBLUSDT,2022-10-14,2023-04-18,2022-10-14,2023-04-18,2022-10,2023-04
POLYXUSDT,2022-10-17,2026-01-20,2022-10-17,2026-01-19,2022-10,2025-12
APTUSDT,2022-10-19,2026-01-20,2022-10-19,2026-01-19,2022-10,2025-12
OSMOUSDT,2022-10-28,2026-01-20,2022-10-28,2026-01-19,2022-10,2025-12
HFTUSDT,2022-11-07,2026-01-20,2022-11-07,2026-01-19,2022-11,2025-12
PHBUSDT,2022-11-18,2026-01-20,2022-11-18,2026-01-19,2022-11,2025-12
HOOKUSDT,2022-12-01,2026-01-20,2022-12-01,2026-01-19,2022-12,2025-12
MAGICUSDT,2022-12-12,2026-01-20,2022-12-12,2026-01-19,2022-12,2025-12
HIFIUSDT,2023-01-12,2025-09-17,2023-01-12,2025-09-17,2023-01,2025-09
RPLUSDT,2023-01-18,2026-01-20,2023-01-18,2026-01-19,2023-01,2025-12
PROSUSDT,2023-01-27,2025-04-16,2023-01-27,2025-04-16,2023-01,2025-04
AGIXUSDT,2023-02-17,2024-07-01,2023-02-17,2024-07-01,2023-02,2024-07
GNSUSDT,2023-02-17,2026-01-20,2023-02-17,2026-01-19,2023-02,2025-12
SYNUSDT,2023-02-22,2026-01-20,2023-02-22,2026-01-19,2023-02,2025-12
VIBUSDT,2023-02-24,2025-05-02,2023-02-24,2025-05-02,2023-02,2025-05
SSVUSDT,2023-02-24,2026-01-20,2023-02-24,2026-01-19,2023-02,2025-12
LQTYUSDT,2023-02-28,2026-01-20,2023-02-28,2026-01-19,2023-02,2025-12
AMBUSDT,2023-03-03,2025-02-24,2023-03-03,2025-02-24,2023-03,2025-02
BETHUSDT,2023-03-03,2023-10-11,2023-03-03,2023-10-11,2023-03,2023-10
USTCUSDT,2023-03-10,2026-01-20,2023-03-10,2026-01-19,2023-03,2025-12
GASUSDT,2023-03-17,2026-01-20,2023-03-17,2026-01-19,2023-03,2025-12
GLMUSDT,2023-03-17,2026-01-20,2023-03-17,2026-01-19,2023-03,2025-12
PROMUSDT,2023-03-17,2026-01-20,2023-03-17,2026-01-19,2023-03,2025-12
QKCUSDT,2023-03-17,2026-01-20,2023-03-17,2026-01-19,2023-03,2025-12
UFTUSDT,2023-03-17,2025-04-16,2023-03-17,2025-04-16,2023-03,2025-04
IDUSDT,2023-03-22,2026-01-20,2023-03-22,2026-01-19,2023-03,2025-12
ARBUSDT,2023-03-23,2026-01-20,2023-03-23,2026-01-19,2023-03,2025-12
LOOMUSDT,2023-03-24,2024-08-26,2023-03-24,2024-08-26,2023-03,2024-08
OAXUSDT,2023-03-24,2024-12-10,2023-03-24,2024-12-10,2023-03,2024-12
RDNTUSDT,2023-03-30,2026-01-20,2023-03-30,2026-01-19,2023-03,2025-12
WBTCUSDT,2023-04-28,2026-01-20,2023-04-28,2026-01-19,2023-04,2025-12
EDUUSDT,2023-04-28,2026-01-20,2023-04-28,2026-01-19,2023-04,2025-12
SUIUSDT,2023-05-03,2026-01-20,2023-05-03,2026-01-19,2023-05,2025-12
AERGOUSDT,2023-05-05,2025-03-28,2023-05-05,2025-03-28,2023-05,2025-03
PEPEUSDT,2023-05-05,2026-01-20,2023-05-05,2026-01-19,2023-05,2025-12
FLOKIUSDT,2023-05-05,2026-01-20,2023-05-05,2026-01-19,2023-05,2025-12
ASTUSDT,2023-05-19,2025-03-28,2023-05-19,2025-03-28,2023-05,2025-03
SNTUSDT,2023-05-19,2025-04-16,2023-05-19,2025-04-16,2023-05,2025-04
COMBOUSDT,2023-06-02,2025-03-28,2023-06-02,2025-03-28,2023-06,2025-03
MAVUSDT,2023-06-28,2026-01-20,2023-06-28,2026-01-19,2023-06,2025-12
PENDLEUSDT,2023-07-03,2026-01-20,2023-07-03,2026-01-19,2023-07,2025-12
ARKMUSDT,2023-07-18,2026-01-20,2023-07-18,2026-01-19,2023-07,2025-12
WBETHUSDT,2023-07-19,2026-01-20,2023-07-19,2026-01-19,2023-07,2025-12
WLDUSDT,2023-07-24,2026-01-20,2023-07-24,2026-01-19,2023-07,2025-12
FDUSDUSDT,2023-07-26,2026-01-20,2023-07-26,2026-01-19,2023-07,2025-12
SEIUSDT,2023-08-15,2026-01-20,2023-08-15,2026-01-19,2023-08,2025-12
CYBERUSDT,2023-08-15,2026-01-20,2023-08-15,2026-01-19,2023-08,2025-12
ARKUSDT,2023-09-22,2026-01-20,2023-09-22,2026-01-19,2023-09,2025-12
CREAMUSDT,2023-09-22,2025-04-16,2023-09-22,2025-04-16,2023-09,2025-04
GFTUSDT,2023-09-22,2024-12-03,2023-09-22,2024-12-03,2023-09,2024-12
IQUSDT,2023-09-22,2026-01-20,2023-09-22,2026-01-19,2023-09,2025-12
NTRNUSDT,2023-10-10,2026-01-20,2023-10-10,2026-01-19,2023-10,2025-12
TIAUSDT,2023-10-31,2026-01-20,2023-10-31,2026-01-19,2023-10,2025-12
MEMEUSDT,2023-11-03,2026-01-20,2023-11-03,2026-01-19,2023-11,2025-12
ORDIUSDT,2023-11-07,2026-01-20,2023-11-07,2026-01-19,2023-11,2025-12
BEAMXUSDT,2023-11-14,2026-01-20,2023-11-14,2026-01-19,2023-11,2025-12
PIVXUSDT,2023-11-16,2026-01-20,2023-11-16,2026-01-19,2023-11,2025-12
VICUSDT,2023-11-24,2026-01-20,2023-11-24,2026-01-19,2023-11,2025-12
BLURUSDT,2023-11-24,2026-01-20,2023-11-24,2026-01-19,2023-11,2025-12
VANRYUSDT,2023-12-01,2026-01-20,2023-12-01,2026-01-19,2023-12,2025-12
AEURUSDT,2023-12-04,2026-01-20,2023-12-04,2026-01-19,2023-12,2025-12
JTOUSDT,2023-12-07,2026-01-20,2023-12-07,2026-01-19,2023-12,2025-12
1000SATSUSDT,2023-12-12,2026-01-20,2023-12-12,2026-01-19,2023-12,2025-12
BONKUSDT,2023-12-15,2026-01-20,2023-12-15,2026-01-19,2023-12,2025-12
ACEUSDT,2023-12-18,2026-01-20,2023-12-18,2026-01-19,2023-12,2025-12
NFPUSDT,2023-12-27,2026-01-20,2023-12-27,2026-01-19,2023-12,2025-12
AIUSDT,2024-01-04,2026-01-20,2024-01-04,2026-01-19,2024-01,2025-12
XAIUSDT,2024-01-09,2026-01-20,2024-01-09,2026-01-19,2024-01,2025-12
MANTAUSDT,2024-01-18,2026-01-20,2024-01-18,2026-01-19,2024-01,2025-12
ALTUSDT,2024-01-25,2026-01-20,2024-01-25,2026-01-19,2024-01,2025-12
JUPUSDT,2024-01-31,2026-01-20,2024-01-31,2026-01-19,2024-01,2025-12
PYTHUSDT,2024-02-02,2026-01-20,2024-02-02,2026-01-19,2024-02,2025-12
RONINUSDT,2024-02-05,2026-01-20,2024-02-05,2026-01-19,2024-02,2025-12
DYMUSDT,2024-02-06,2026-01-20,2024-02-06,2026-01-19,2024-02,2025-12
PIXELUSDT,2024-02-19,2026-01-20,2024-02-19,2026-01-19,2024-02,2025-12
STRKUSDT,2024-02-20,2026-01-20,2024-02-20,2026-01-19,2024-02,2025-12
PORTALUSDT,2024-02-29,2026-01-20,2024-02-29,2026-01-19,2024-02,2025-12
PDAUSDT,2024-03-01,2025-05-02,2024-03-01,2025-05-02,2024-03,2025-05
AXLUSDT,2024-03-01,2026-01-20,2024-03-01,2026-01-19,2024-03,2025-12
WIFUSDT,2024-03-05,2026-01-20,2024-03-05,2026-01-19,2024-03,2025-12
METISUSDT,2024-03-11,2026-01-20,2024-03-11,2026-01-19,2024-03,2025-12
AEVOUSDT,2024-03-13,2026-01-20,2024-03-13,2026-01-19,2024-03,2025-12
BOMEUSDT,2024-03-16,2026-01-20,2024-03-16,2026-01-19,2024-03,2025-12
ETHFIUSDT,2024-03-18,2026-01-20,2024-03-18,2026-01-19,2024-03,2025-12
ENAUSDT,2024-04-02,2026-01-20,2024-04-02,2026-01-19,2024-04,2025-12
WUSDT,2024-04-03,2026-01-20,2024-04-03,2026-01-19,2024-04,2025-12
TNSRUSDT,2024-04-08,2026-01-20,2024-04-08,2026-01-19,2024-04,2025-12
SAGAUSDT,2024-04-09,2026-01-20,2024-04-09,2026-01-19,2024-04,2025-12
TAOUSDT,2024-04-11,2026-01-20,2024-04-11,2026-01-19,2024-04,2025-12
OMNIUSDT,2024-04-17,2025-09-29,2024-04-17,2025-09-29,2024-04,2025-09
REZUSDT,2024-04-30,2026-01-20,2024-04-30,2026-01-19,2024-04,2025-12
BBUSDT,2024-05-13,2026-01-20,2024-05-13,2026-01-19,2024-05,2025-12
NOTUSDT,2024-05-16,2026-01-20,2024-05-16,2026-01-19,2024-05,2025-12
IOUSDT,2024-06-11,2026-01-20,2024-06-11,2026-01-19,2024-06,2025-12
ZKUSDT,2024-06-17,2026-01-20,2024-06-17,2026-01-19,2024-06,2025-12
LISTAUSDT,2024-06-20,2026-01-20,2024-06-20,2026-01-19,2024-06,2025-12
ZROUSDT,2024-06-20,2026-01-20,2024-06-20,2026-01-19,2024-06,2025-12
GUSDT,2024-07-19,2026-01-20,2024-07-19,2026-01-19,2024-07,2025-12
BANANAUSDT,2024-07-20,2026-01-20,2024-07-20,2026-01-19,2024-07,2025-12
RENDERUSDT,2024-07-26,2026-01-20,2024-07-26,2026-01-19,2024-07,2025-12
TONUSDT,2024-08-08,2026-01-20,2024-08-08,2026-01-19,2024-08,2025-12
DOGSUSDT,2024-08-26,2026-01-20,2024-08-26,2026-01-19,2024-08,2025-12
EURIUSDT,2024-08-28,2026-01-20,2024-08-28,2026-01-19,2024-08,2025-12
SLFUSDT,2024-08-30,2025-09-17,2024-08-30,2025-09-17,2024-08,2025-09
POLUSDT,2024-09-13,2026-01-20,2024-09-13,2026-01-19,2024-09,2025-12
NEIROUSDT,2024-09-16,2026-01-20,2024-09-16,2026-01-19,2024-09,2025-12
TURBOUSDT,2024-09-16,2026-01-20,2024-09-16,2026-01-19,2024-09,2025-12
1MBABYDOGEUSDT,2024-09-16,2026-01-20,2024-09-16,2026-01-19,2024-09,2025-12
CATIUSDT,2024-09-20,2026-01-20,2024-09-20,2026-01-19,2024-09,2025-12
HMSTRUSDT,2024-09-26,2026-01-20,2024-09-26,2026-01-19,2024-09,2025-12
EIGENUSDT,2024-10-01,2026-01-20,2024-10-01,2026-01-19,2024-10,2025-12
SCRUSDT,2024-10-11,2026-01-20,2024-10-11,2026-01-19,2024-10,2025-12
BNSOLUSDT,2024-10-17,2026-01-20,2024-10-17,2026-01-19,2024-10,2025-12
LUMIAUSDT,2024-10-18,2026-01-20,2024-10-18,2026-01-19,2024-10,2025-12
KAIAUSDT,2024-10-31,2026-01-20,2024-10-31,2026-01-19,2024-10,2025-12
COWUSDT,2024-11-06,2026-01-20,2024-11-06,2026-01-19,2024-11,2025-12
CETUSUSDT,2024-11-06,2026-01-20,2024-11-06,2026-01-19,2024-11,2025-12
PNUTUSDT,2024-11-11,2026-01-20,2024-11-11,2026-01-19,2024-11,2025-12
ACTUSDT,2024-11-11,2026-01-20,2024-11-11,2026-01-19,2024-11,2025-12
USUALUSDT,2024-11-19,2026-01-20,2024-11-19,2026-01-19,2024-11,2025-12
THEUSDT,2024-11-27,2026-01-20,2024-11-27,2026-01-19,2024-11,2025-12
ACXUSDT,2024-12-06,2026-01-20,2024-12-06,2026-01-19,2024-12,2025-12
ORCAUSDT,2024-12-06,2026-01-20,2024-12-06,2026-01-19,2024-12,2025-12
MOVEUSDT,2024-12-09,2026-01-20,2024-12-09,2026-01-19,2024-12,2025-12
MEUSDT,2024-12-10,2026-01-20,2024-12-10,2026-01-19,2024-12,2025-12
VELODROMEUSDT,2024-12-13,2026-01-20,2024-12-13,2026-01-19,2024-12,2025-12
VANAUSDT,2024-12-16,2026-01-20,2024-12-16,2026-01-19,2024-12,2025-12
1000CATUSDT,2024-12-17,2026-01-20,2024-12-17,2026-01-19,2024-12,2025-12
PENGUUSDT,2024-12-17,2026-01-20,2024-12-17,2026-01-19,2024-12,2025-12
BIOUSDT,2025-01-03,2026-01-20,2025-01-03,2026-01-19,2025-01,2025-12
DUSDT,2025-01-09,2026-01-20,2025-01-09,2026-01-19,2025-01,2025-12
AIXBTUSDT,2025-01-10,2026-01-20,2025-01-10,2026-01-19,2025-01,2025-12
CGPTUSDT,2025-01-10,2026-01-20,2025-01-10,2026-01-19,2025-01,2025-12
COOKIEUSDT,2025-01-10,2026-01-20,2025-01-10,2026-01-19,2025-01,2025-12
SUSDT,2025-01-16,2026-01-20,2025-01-16,2026-01-19,2025-01,2025-12
SOLVUSDT,2025-01-17,2026-01-20,2025-01-17,2026-01-19,2025-01,2025-12
TRUMPUSDT,2025-01-19,2026-01-20,2025-01-19,2026-01-19,2025-01,2025-12
ANIMEUSDT,2025-01-23,2026-01-20,2025-01-23,2026-01-19,2025-01,2025-12
BERAUSDT,2025-02-06,2026-01-20,2025-02-06,2026-01-19,2025-02,2025-12
1000CHEEMSUSDT,2025-02-09,2026-01-20,2025-02-09,2026-01-19,2025-02,2025-12
TSTUSDT,2025-02-09,2026-01-20,2025-02-09,2026-01-19,2025-02,2025-12
LAYERUSDT,2025-02-11,2026-01-20,2025-02-11,2026-01-19,2025-02,2025-12
HEIUSDT,2025-02-13,2026-01-20,2025-02-13,2026-01-19,2025-02,2025-12
KAITOUSDT,2025-02-20,2026-01-20,2025-02-20,2026-01-19,2025-02,2025-12
SHELLUSDT,2025-02-27,2026-01-20,2025-02-27,2026-01-19,2025-02,2025-12
REDUSDT,2025-02-28,2026-01-20,2025-02-28,2026-01-19,2025-02,2025-12
GPSUSDT,2025-03-04,2026-01-20,2025-03-04,2026-01-19,2025-03,2025-12
EPICUSDT,2025-03-13,2026-01-20,2025-03-13,2026-01-19,2025-03,2025-12
BMTUSDT,2025-03-18,2026-01-20,2025-03-18,2026-01-19,2025-03,2025-12
FORMUSDT,2025-03-19,2026-01-20,2025-03-19,2026-01-19,2025-03,2025-12
XUSDUSDT,2025-03-19,2026-01-20,2025-03-19,2026-01-19,2025-03,2025-12
NILUSDT,2025-03-24,2026-01-20,2025-03-24,2026-01-19,2025-03,2025-12
PARTIUSDT,2025-03-25,2026-01-20,2025-03-25,2026-01-19,2025-03,2025-12
MUBARAKUSDT,2025-03-27,2026-01-20,2025-03-27,2026-01-19,2025-03,2025-12
TUTUSDT,2025-03-27,2026-01-20,2025-03-27,2026-01-19,2025-03,2025-12
BROCCOLI714USDT,2025-03-27,2026-01-20,2025-03-27,2026-01-19,2025-03,2025-12
BANANAS31USDT,2025-03-27,2026-01-20,2025-03-27,2026-01-19,2025-03,2025-12
GUNUSDT,2025-03-31,2026-01-20,2025-03-31,2026-01-19,2025-03,2025-12
BABYUSDT,2025-04-10,2026-01-20,2025-04-10,2026-01-19,2025-04,2025-12
ONDOUSDT,2025-04-11,2026-01-20,2025-04-11,2026-01-19,2025-04,2025-12
BIGTIMEUSDT,2025-04-11,2026-01-20,2025-04-11,2026-01-19,2025-04,2025-12
VIRTUALUSDT,2025-04-11,2026-01-20,2025-04-11,2026-01-19,2025-04,2025-12
KERNELUSDT,2025-04-14,2026-01-20,2025-04-14,2026-01-19,2025-04,2025-12
WCTUSDT,2025-04-15,2026-01-20,2025-04-15,2026-01-19,2025-04,2025-12
HYPERUSDT,2025-04-22,2026-01-20,2025-04-22,2026-01-19,2025-04,2025-12
INITUSDT,2025-04-24,2026-01-20,2025-04-24,2026-01-19,2025-04,2025-12
SIGNUSDT,2025-04-28,2026-01-20,2025-04-28,2026-01-19,2025-04,2025-12
STOUSDT,2025-05-02,2026-01-20,2025-05-02,2026-01-19,2025-05,2025-12
SYRUPUSDT,2025-05-06,2026-01-20,2025-05-06,2026-01-19,2025-05,2025-12
KMNOUSDT,2025-05-06,2026-01-20,2025-05-06,2026-01-19,2025-05,2025-12
SXTUSDT,2025-05-08,2026-01-20,2025-05-08,2026-01-19,2025-05,2025-12
NXPCUSDT,2025-05-15,2026-01-20,2025-05-15,2026-01-19,2025-05,2025-12
AWEUSDT,2025-05-21,2026-01-20,2025-05-21,2026-01-19,2025-05,2025-12
HAEDALUSDT,2025-05-21,2026-01-20,2025-05-21,2026-01-19,2025-05,2025-12
USD1USDT,2025-05-22,2026-01-20,2025-05-22,2026-01-19,2025-05,2025-12
HUMAUSDT,2025-05-26,2026-01-20,2025-05-26,2026-01-19,2025-05,2025-12
AUSDT,2025-05-28,2026-01-20,2025-05-28,2026-01-19,2025-05,2025-12
SOPHUSDT,2025-05-28,2026-01-20,2025-05-28,2026-01-19,2025-05,2025-12
RESOLVUSDT,2025-06-11,2026-01-20,2025-06-11,2026-01-19,2025-06,2025-12
HOMEUSDT,2025-06-12,2026-01-20,2025-06-12,2026-01-19,2025-06,2025-12
SPKUSDT,2025-06-17,2026-01-20,2025-06-17,2026-01-19,2025-06,2025-12
NEWTUSDT,2025-06-24,2026-01-20,2025-06-24,2026-01-19,2025-06,2025-12
SAHARAUSDT,2025-06-26,2026-01-20,2025-06-26,2026-01-19,2025-06,2025-12
LAUSDT,2025-07-09,2026-01-20,2025-07-09,2026-01-19,2025-07,2025-12
ERAUSDT,2025-07-17,2026-01-20,2025-07-17,2026-01-19,2025-07,2025-12
CUSDT,2025-07-18,2026-01-20,2025-07-18,2026-01-19,2025-07,2025-12
TREEUSDT,2025-07-29,2026-01-20,2025-07-29,2026-01-19,2025-07,2025-12
A2ZUSDT,2025-07-30,2026-01-20,2025-07-30,2026-01-19,2025-07,2025-12
TOWNSUSDT,2025-08-05,2026-01-20,2025-08-05,2026-01-19,2025-08,2025-12
PROVEUSDT,2025-08-05,2026-01-20,2025-08-05,2026-01-19,2025-08,2025-12
BFUSDUSDT,2025-08-13,2026-01-20,2025-08-13,2026-01-19,2025-08,2025-12
PLUMEUSDT,2025-08-18,2026-01-20,2025-08-18,2026-01-19,2025-08,2025-12
DOLOUSDT,2025-08-27,2026-01-20,2025-08-27,2026-01-19,2025-08,2025-12
MITOUSDT,2025-08-29,2026-01-20,2025-08-29,2026-01-19,2025-08,2025-12
WLFIUSDT,2025-09-01,2026-01-20,2025-09-01,2026-01-19,2025-09,2025-12
SOMIUSDT,2025-09-02,2026-01-20,2025-09-02,2026-01-19,2025-09,2025-12
OPENUSDT,2025-09-08,2026-01-20,2025-09-08,2026-01-19,2025-09,2025-12
USDEUSDT,2025-09-09,2026-01-20,2025-09-09,2026-01-19,2025-09,2025-12
LINEAUSDT,2025-09-10,2026-01-20,2025-09-10,2026-01-19,2025-09,2025-12
HOLOUSDT,2025-09-11,2026-01-20,2025-09-11,2026-01-19,2025-09,2025-12
PUMPUSDT,2025-09-11,2026-01-20,2025-09-11,2026-01-19,2025-09,2025-12
AVNTUSDT,2025-09-15,2026-01-20,2025-09-15,2026-01-19,2025-09,2025-12
ZKCUSDT,2025-09-15,2026-01-20,2025-09-15,2026-01-19,2025-09,2025-12
SKYUSDT,2025-09-17,2026-01-20,2025-09-17,2026-01-19,2025-09,2025-12
BARDUSDT,2025-09-18,2026-01-20,2025-09-18,2026-01-19,2025-09,2025-12
0GUSDT,2025-09-22,2026-01-20,2025-09-22,2026-01-19,2025-09,2025-12
HEMIUSDT,2025-09-23,2026-01-20,2025-09-23,2026-01-19,2025-09,2025-12
XPLUSDT,2025-09-25,2026-01-20,2025-09-25,2026-01-19,2025-09,2025-12
MIRAUSDT,2025-09-26,2026-01-20,2025-09-26,2026-01-19,2025-09,2025-12
FFUSDT,2025-09-29,2026-01-20,2025-09-29,2026-01-19,2025-09,2025-12
EDENUSDT,2025-09-30,2026-01-20,2025-09-30,2026-01-19,2025-09,2025-12
NOMUSDT,2025-10-01,2026-01-20,2025-10-01,2026-01-19,2025-10,2025-12
2ZUSDT,2025-10-02,2026-01-20,2025-10-02,2026-01-19,2025-10,2025-12
MORPHOUSDT,2025-10-03,2026-01-20,2025-10-03,2026-01-19,2025-10,2025-12
ASTERUSDT,2025-10-06,2026-01-20,2025-10-06,2026-01-19,2025-10,2025-12
WALUSDT,2025-10-10,2026-01-20,2025-10-10,2026-01-19,2025-10,2025-12
EULUSDT,2025-10-13,2026-01-20,2025-10-13,2026-01-19,2025-10,2025-12
ENSOUSDT,2025-10-14,2026-01-20,2025-10-14,2026-01-19,2025-10,2025-12
YBUSDT,2025-10-15,2026-01-20,2025-10-15,2026-01-19,2025-10,2025-12
ZBTUSDT,2025-10-17,2026-01-20,2025-10-17,2026-01-19,2025-10,2025-12
TURTLEUSDT,2025-10-22,2026-01-20,2025-10-22,2026-01-19,2025-10,2025-12
GIGGLEUSDT,2025-10-25,2026-01-20,2025-10-25,2026-01-19,2025-10,2025-12
FUSDT,2025-10-25,2026-01-20,2025-10-25,2026-01-19,2025-10,2025-12
KITEUSDT,2025-11-03,2026-01-20,2025-11-03,2026-01-19,2025-11,2025-12
MMTUSDT,2025-11-04,2026-01-20,2025-11-04,2026-01-19,2025-11,2025-12
SAPIENUSDT,2025-11-06,2026-01-20,2025-11-06,2026-01-19,2025-11,2025-12
ALLOUSDT,2025-11-11,2026-01-20,2025-11-11,2026-01-19,2025-11,2025-12
BANKUSDT,2025-11-13,2026-01-20,2025-11-13,2026-01-19,2025-11,2025-12
METUSDT,2025-11-13,2026-01-20,2025-11-13,2026-01-19,2025-11,2025-12
ATUSDT,2025-11-27,2026-01-20,2025-11-27,2026-01-19,2025-11,2025-12
KGSTUSDT,2025-12-24,2026-01-20,2025-12-24,2026-01-19,2025-12,2025-12
BREVUSDT,2026-01-06,2026-01-20,2026-01-06,2026-01-19,2026-01,2025-12
币安人生USDT,2026-01-07,2026-01-20,2026-01-07,2026-01-19,2026-01,2025-12
ZKPUSDT,2026-01-07,2026-01-20,2026-01-07,2026-01-19,2026-01,2025-12
UUSDT,2026-01-13,2026-01-20,2026-01-13,2026-01-19,2026-01,2025-12
FRAXUSDT,2026-01-15,2026-01-20,2026-01-15,2026-01-19,2026-01,2025-12
FOGOUSDT,2026-01-15,2026-01-20,2026-01-15,2026-01-19,2026-01,2025-12
